product_id,product_name,category,subcategory,brand,unit_price,cost_price,supplier_id,stock_quantity,reorder_level,product_status,created_at,updated_at
PROD00001,Nestle Item,electronics,T-Shirts,Nestle,31146.248,21802.37,SUP009,315,47,active,2025-03-27 20:58:16,2026-01-29 07:43:54
PROD00002,Generic Item,Clothing,Fitness,,34450.0,24115.0,SUP019,160,47,Active,2024-03-26 22:35:26,2024-10-05 18:00:03
PROD00003,Sony Item,ELECTRONICS,Smartphones,Sony,39063.25,27344.27,SUP013,22,27,Active,2024-02-24 16:02:47,2026-03-02 17:58:26
PROD00004,Samsung Item,Grocery,Smartphones,Samsung,29820.527,20874.37,SUP011,499,50,active,2024-03-18 16:17:24,2026-05-27 04:29:44
PROD00005,Puma Item,Beauty,Snacks,Puma,18980.0,13286.0,SUP020,293,24,active,2024-08-20 00:25:15,2025-10-05 22:54:52
PROD00006,Puma Item,ELECTRONICS,Smartphones,Puma,18847.959,13193.57,SUP009,379,40,Discontinued,2024-12-01 00:45:37,2025-12-22 10:53:48
PROD00007,Nestle Item,Electronics,Snacks,Nestle,13143.0,9200.1,SUP010,442,28,Discontinued,2024-12-10 03:54:33,2025-08-31 04:24:59
PROD00008,Apple Item,Sports,Skincare,Apple,48239.7,33767.79,SUP020,66,20,Inactive,2024-07-19 11:07:08,2026-04-08 17:36:24
PROD00009,Nestle Item,ELECTRONICS,Sofas,Nestle,16858.54,11800.98,SUP013,309,43,Inactive,2024-06-26 19:02:40,2024-09-18 05:05:27
PROD00010,Apple Item,Grocery,Sofas,Apple,5964.8,4175.36,SUP015,451,35,Discontinued,2024-08-29 06:18:24,2025-07-06 21:53:22
PROD00011,Sony Item,Beauty,Laptops,Sony,5227.6,3659.32,SUP004,466,37,Inactive,2025-02-18 07:27:45,2026-03-26 22:20:11
PROD00012,Nestle Item,Electronics,Smartphones,Nestle,48972.0,34280.4,SUP019,202,35,Discontinued,2025-03-10 01:20:04,2025-06-17 08:40:16
PROD00013,Nike Item,electronics,Sofas,Nike,44129.8,30890.86,SUP001,139,33,active,2024-11-13 07:53:57,2026-07-21 21:41:52
PROD00014,Puma Item,ELECTRONICS,Fitness,Puma,36535.8,25575.06,SUP017,376,35,Inactive,2024-06-26 01:46:46,2026-04-25 04:27:45
PROD00015,Ikea Item,Grocery,Smartphones,Ikea,17550.2,12285.14,SUP009,89,24,active,2024-04-05 20:27:09,2026-08-19 21:15:49
PROD00016,Nike Item,Beauty,Skincare,Nike,37633.45,26343.41,SUP014,334,28,Inactive,2025-05-21 14:01:13,2026-05-19 11:42:28
PROD00017,Ikea Item,ELECTRONICS,T-Shirts,Ikea,3881.4,2716.98,SUP005,229,23,Discontinued,2025-04-27 04:21:53,2025-07-02 02:23:46
PROD00018,Generic Item,Sports,Fitness,,12182.67,8527.87,SUP006,15,17,Discontinued,2024-05-11 19:44:04,2024-09-01 21:01:08
PROD00019,Generic Item,Beauty,Smartphones,,3086.0,2160.2,SUP013,423,7,Inactive,2024-09-12 12:05:48,2026-03-21 16:09:17
PROD00020,Nike Item,Electronics,Fitness,Nike,39651.7,27756.19,SUP018,74,22,active,2024-09-14 02:44:09,2026-07-04 14:19:21
PROD00021,Nike Item,Clothing,Smartphones,Nike,46046.0,32232.2,SUP013,258,23,Active,2024-11-26 02:17:17,2025-08-21 07:53:57
PROD00022,Sony Item,Clothing,Skincare,Sony,33517.8,23462.46,SUP014,272,18,Inactive,2024-02-21 05:32:05,2026-02-28 06:58:22
PROD00023,Nike Item,Sports,Laptops,Nike,0.0,0.0,SUP011,305,12,active,2025-02-20 19:31:28,2026-02-10 09:10:36
PROD00024,Puma Item,Grocery,Fitness,Puma,26408.3,18485.81,SUP020,161,35,active,2025-01-07 07:34:08,2025-03-29 14:27:47
PROD00025,Puma Item,Sports,Sofas,Puma,11666.0,8166.2,SUP020,493,29,Inactive,2024-05-15 22:47:14,2025-07-05 23:04:50
PROD00026,Sony Item,Furniture,T-Shirts,Sony,8178.6,5725.02,SUP004,57,46,Discontinued,2024-01-24 08:47:53,2025-09-24 03:47:00
PROD00027,Sony Item,Furniture,Sofas,Sony,25758.0,18030.6,SUP018,85,14,Active,2024-02-04 18:47:55,2024-08-04 11:52:02
PROD00028,Apple Item,ELECTRONICS,T-Shirts,Apple,156.0,109.2,SUP013,194,12,Active,2024-01-24 03:31:16,2026-03-23 04:16:11
PROD00029,Generic Item,Grocery,Laptops,,0.0,0.0,SUP010,196,10,Inactive,2024-02-17 22:23:30,2025-02-17 08:28:07
PROD00030,Puma Item,Beauty,T-Shirts,Puma,4298.0,3008.6,SUP009,384,40,active,2024-05-31 10:49:43,2025-10-02 13:43:43
PROD00031,Puma Item,Grocery,Snacks,Puma,39516.0,27661.2,INVALID_SUP,8,34,Discontinued,2024-05-21 15:47:56,2024-05-27 02:35:53
PROD00032,Ikea Item,Clothing,Snacks,Ikea,29436.898,20605.83,SUP011,-10,49,Active,2024-12-04 13:58:56,2025-11-05 18:54:23
PROD00033,Nestle Item,Grocery,Skincare,Nestle,701.444,491.01,SUP010,362,10,active,2024-08-07 04:27:00,2024-08-09 15:34:01
PROD00034,Generic Item,Beauty,Laptops,,40906.35,28634.44,SUP016,314,5,Inactive,2025-03-12 06:48:23,2025-08-10 11:17:44
PROD00035,Nestle Item,Grocery,T-Shirts,Nestle,7084.294,4959.01,SUP020,7,38,active,2025-02-23 09:07:45,2026-01-26 01:12:17
PROD00036,Samsung Item,Sports,,Samsung,3679.0,2575.3,SUP019,185,34,Active,2025-03-18 05:26:51,2026-03-06 05:23:42
PROD00037,Nestle Item,Electronics,T-Shirts,Nestle,47166.2,33016.34,SUP012,493,45,active,2024-10-22 06:19:52,2024-11-02 16:13:11
PROD00038,Puma Item,electronics,Smartphones,Puma,49020.93,34314.65,SUP003,184,26,Inactive,2024-04-01 11:33:04,2026-03-17 22:52:09
PROD00039,Generic Item,Sports,Skincare,,33564.7,23495.29,SUP013,401,9,Active,2025-02-24 20:04:58,2026-08-01 13:13:56
PROD00040,Sony Item,Clothing,Laptops,Sony,29631.4,20741.98,SUP006,308,35,Inactive,2025-02-01 20:35:56,2026-05-04 06:54:25
PROD00041,Samsung Item,Sports,Smartphones,Samsung,44087.99,30861.59,SUP012,67,11,Inactive,2024-08-16 02:00:15,2025-06-01 16:24:08
PROD00042,Generic Item,Electronics,Snacks,,25315.0,17720.5,SUP005,445,28,Discontinued,2024-01-01 01:08:04,2026-06-11 12:53:24
PROD00043,Apple Item,Electronics,Laptops,Apple,11016.89,7711.82,SUP002,108,13,Inactive,2024-12-31 01:29:07,2025-05-18 00:39:40
PROD00044,Sony Item,Beauty,Skincare,Sony,-50.0,0.0,SUP017,467,38,active,2024-05-04 23:43:28,2025-06-15 16:59:26
PROD00045,Generic Item,Furniture,Laptops,,21013.281,14709.3,SUP018,406,28,Active,2025-01-08 23:15:26,2025-03-01 03:55:44
PROD00046,Apple Item,Beauty,Smartphones,Apple,28739.0,20117.3,SUP015,55,47,Active,2024-09-01 15:42:56,2025-01-24 01:41:52
PROD00047,Nestle Item,electronics,Smartphones,Nestle,11409.268,7986.49,SUP019,22,7,Discontinued,2024-02-25 01:18:07,2025-12-24 07:52:18
PROD00048,Ikea Item,Electronics,Smartphones,Ikea,12858.0,9000.6,SUP019,287,50,Inactive,2024-08-15 14:34:44,2025-02-07 22:13:40
PROD00049,Sony Item,Sports,Fitness,Sony,28675.563,20072.89,SUP020,489,35,Active,2024-11-17 02:41:59,2026-08-28 17:03:54
PROD00050,Samsung Item,ELECTRONICS,,Samsung,15577.0,10903.9,SUP003,170,7,active,2024-09-30 05:56:03,2026-05-24 23:04:32
PROD00051,Nestle Item,Furniture,Sofas,Nestle,44625.5,31237.85,SUP012,268,20,Inactive,2024-04-27 14:00:03,2026-02-10 01:58:15
PROD00052,Apple Item,Grocery,Skincare,Apple,21799.315,15259.52,SUP019,367,21,Inactive,2025-02-24 22:31:53,2026-03-22 22:12:41
PROD00053,Nike Item,Clothing,Sofas,Nike,11431.18,8001.83,SUP005,169,26,Active,2024-12-12 01:01:17,2026-09-07 02:02:18
PROD00054,Generic Item,Clothing,Smartphones,,22476.83,15733.78,SUP012,81,18,active,2024-01-08 13:26:21,2026-07-19 09:50:53
PROD00055,Apple Item,Beauty,Snacks,Apple,24694.56,17286.19,SUP020,119,11,Active,2024-03-18 18:19:02,2026-03-07 13:00:46
PROD00056,Nestle Item,electronics,Smartphones,Nestle,40281.793,28197.26,SUP002,90,15,Active,2024-11-11 10:40:46,2026-05-22 10:08:43
PROD00057,Ikea Item,Furniture,Snacks,Ikea,46612.0,32628.4,SUP001,341,13,active,2024-12-06 00:00:58,2025-08-06 16:41:03
PROD00058,Ikea Item,Electronics,Smartphones,Ikea,20913.0,14639.1,SUP004,441,16,Inactive,2025-05-23 12:03:06,2026-08-23 08:54:16
PROD00059,Puma Item,Sports,Snacks,Puma,14161.851,9913.3,SUP015,432,13,Discontinued,2025-04-07 02:52:00,2026-06-08 21:29:20
PROD00060,Apple Item,Beauty,Snacks,Apple,45677.0,31973.9,SUP013,346,44,active,2024-08-24 04:08:05,2026-04-16 11:18:52
PROD00061,Apple Item,Furniture,Laptops,Apple,-50.0,0.0,SUP002,219,7,Inactive,2024-02-20 00:40:46,2024-06-10 21:21:23
PROD00062,Puma Item,electronics,T-Shirts,Puma,16873.7,11811.59,SUP012,384,20,Inactive,2025-03-16 11:10:42,2025-12-05 21:57:16
PROD00063,Sony Item,Electronics,Snacks,Sony,1711.22,1197.85,SUP019,6,46,Active,2024-11-04 23:13:16,2026-01-22 15:01:46
PROD00064,Nestle Item,Electronics,Laptops,Nestle,35870.585,25109.41,SUP008,256,22,active,2024-06-18 04:09:36,2025-04-15 07:14:27
PROD00065,Puma Item,Clothing,Snacks,Puma,1074.534,752.17,SUP013,433,15,Inactive,2024-09-11 20:04:23,2024-09-18 02:08:05
PROD00066,Nike Item,ELECTRONICS,Snacks,Nike,3690.3,2583.21,SUP011,460,30,active,2024-08-10 00:59:08,2024-10-31 04:38:29
PROD00067,Generic Item,Clothing,Sofas,,31405.4,21983.78,SUP008,438,11,Active,2024-01-12 19:58:12,2024-03-02 11:05:19
PROD00068,Apple Item,Grocery,Smartphones,Apple,330.649,231.45,SUP008,-10,12,Active,2024-10-25 06:45:54,2025-08-26 05:01:31
PROD00069,Generic Item,Furniture,Sofas,,374.44,262.11,SUP015,448,41,Discontinued,2024-09-08 02:19:53,2026-07-05 21:52:53
PROD00070,Sony Item,electronics,Sofas,Sony,29700.155,20790.11,SUP013,488,20,Discontinued,2024-05-19 04:10:29,2024-06-01 08:00:39
PROD00071,Sony Item,Sports,Snacks,Sony,9367.6,6557.32,SUP015,355,43,active,2024-01-01 20:27:23,2025-11-23 00:11:21
PROD00072,Samsung Item,electronics,Snacks,Samsung,11321.0,7924.7,SUP014,86,11,active,2024-02-22 10:45:37,2025-08-23 03:35:01
PROD00073,Samsung Item,Sports,Smartphones,Samsung,28298.892,19809.22,SUP004,108,39,Inactive,2024-09-15 02:48:52,2025-11-16 11:59:44
PROD00074,Samsung Item,Beauty,,Samsung,23549.0,16484.3,SUP017,25,26,active,2025-01-06 20:33:02,2026-02-26 09:15:47
PROD00075,Nike Item,electronics,Fitness,Nike,7770.932,5439.65,SUP017,492,24,Active,2025-05-25 14:00:50,2025-08-08 03:06:28
PROD00076,Sony Item,ELECTRONICS,,Sony,2746.0,1922.2,SUP018,474,19,active,2025-05-29 13:37:19,2025-09-27 08:06:39
PROD00077,Apple Item,Clothing,Laptops,Apple,24389.37,17072.56,SUP005,440,38,Active,2024-02-21 07:03:21,2025-12-07 00:13:48
PROD00078,Ikea Item,Furniture,Smartphones,Ikea,36799.0,25759.3,SUP007,141,50,active,2024-06-19 02:46:56,2025-01-08 22:17:35
PROD00079,Sony Item,Sports,,Sony,46522.0,32565.4,SUP007,397,13,Active,2024-11-20 14:45:19,2025-08-08 04:16:43
PROD00080,Apple Item,Grocery,Skincare,Apple,194.0,135.8,SUP020,424,33,Discontinued,2024-12-22 23:32:37,2025-09-25 09:14:05
PROD00081,Nestle Item,electronics,T-Shirts,Nestle,3598.0,2518.6,SUP020,349,48,Active,2024-12-30 19:24:13,2025-08-19 16:33:17
PROD00082,Nestle Item,Electronics,Sofas,Nestle,47791.5,33454.05,SUP001,431,39,Inactive,2024-02-21 22:44:56,2025-10-15 06:51:34
PROD00083,Nestle Item,ELECTRONICS,Sofas,Nestle,40082.8,28057.96,SUP014,256,8,Inactive,2024-11-11 05:49:51,2026-01-18 00:25:10
PROD00084,Ikea Item,Grocery,Fitness,Ikea,37669.0,26368.3,SUP013,43,41,Discontinued,2024-10-08 05:06:57,2025-07-16 03:08:33
PROD00085,Apple Item,Clothing,Skincare,Apple,39171.97,27420.38,SUP015,200,17,Inactive,2025-04-14 15:39:49,2025-09-08 02:45:39
PROD00086,Nike Item,Grocery,Snacks,Nike,-50.0,0.0,SUP013,97,13,active,2024-10-26 07:15:52,2025-02-07 22:03:40
PROD00087,Nestle Item,electronics,Laptops,Nestle,7385.6,5169.92,SUP005,378,26,Inactive,2024-07-26 00:56:46,2025-03-18 02:01:37
PROD00088,Samsung Item,Electronics,,Samsung,29726.0,20808.2,SUP014,122,24,Active,2025-05-26 02:17:19,2026-09-04 17:44:06
PROD00089,Nestle Item,Clothing,T-Shirts,Nestle,16974.8,11882.36,SUP010,498,16,Inactive,2024-02-14 17:48:04,2025-09-03 05:42:10
PROD00090,Nike Item,Furniture,T-Shirts,Nike,10155.0,7108.5,SUP008,361,28,Discontinued,2024-11-11 02:11:44,2024-12-02 19:57:22
PROD00091,Ikea Item,Clothing,Snacks,Ikea,38929.183,27250.43,SUP019,255,26,Discontinued,2024-11-07 18:12:09,2026-02-06 13:26:29
PROD00092,Puma Item,Beauty,T-Shirts,Puma,12034.46,8424.12,SUP009,476,43,Discontinued,2024-02-19 09:15:25,2025-12-19 18:40:20
PROD00093,Nike Item,Clothing,Sofas,Nike,17195.71,12037.0,SUP001,473,44,Inactive,2025-01-29 14:39:21,2025-04-07 14:29:20
PROD00094,Ikea Item,ELECTRONICS,Fitness,Ikea,16188.67,11332.07,SUP013,228,16,Active,2024-07-05 01:08:47,2024-07-26 02:11:12
PROD00095,Generic Item,Clothing,Sofas,,38857.0,27199.9,SUP013,416,23,Active,2024-07-24 15:42:22,2025-05-24 05:14:35
PROD00096,Nike Item,ELECTRONICS,Fitness,Nike,15084.82,10559.37,SUP007,28,33,Discontinued,2024-06-19 21:17:49,2026-06-01 04:57:45
PROD00097,Nike Item,electronics,Smartphones,Nike,32299.0,22609.3,SUP017,470,15,active,2024-04-03 09:34:16,2024-08-04 17:50:54
PROD00098,Ikea Item,Sports,Laptops,Ikea,27871.22,19509.85,SUP012,336,22,active,2024-12-02 06:41:25,2025-12-29 21:37:52
PROD00099,Generic Item,Clothing,Skincare,,32541.818,22779.27,SUP016,494,15,Active,2025-02-14 21:57:36,2025-12-31 02:06:13
PROD00100,Ikea Item,ELECTRONICS,T-Shirts,Ikea,23166.8,16216.76,SUP013,208,17,active,2024-12-29 12:43:20,2025-01-01 04:12:05
PROD00101,Samsung Item,Clothing,Smartphones,Samsung,2379.74,1665.82,SUP015,32,6,Inactive,2024-09-09 19:27:17,2026-01-26 23:07:47
PROD00102,Apple Item,Electronics,Smartphones,Apple,24218.1,16952.67,SUP003,163,34,active,2024-04-03 03:22:45,2026-01-24 00:17:03
PROD00103,Apple Item,Clothing,T-Shirts,Apple,34630.0,24241.0,SUP007,270,45,Active,2025-01-18 23:51:27,2025-05-26 17:57:26
PROD00104,Apple Item,Furniture,Laptops,Apple,31140.6,21798.42,SUP017,90,6,active,2025-03-23 02:12:46,2026-07-26 08:01:47
PROD00105,Generic Item,Furniture,Snacks,,18707.77,13095.44,SUP007,75,15,active,2025-05-12 01:17:00,2026-04-20 21:41:47
PROD00106,Nike Item,Furniture,Sofas,Nike,-50.0,0.0,SUP016,424,19,Inactive,2024-06-24 03:39:32,2025-01-10 20:40:59
PROD00107,Nike Item,Grocery,Fitness,Nike,17533.0,12273.1,SUP003,282,34,Active,2025-02-01 06:07:52,2025-06-26 20:13:13
PROD00108,Nestle Item,Sports,Laptops,Nestle,40355.9,28249.13,SUP004,-10,12,active,2024-11-03 21:54:40,2025-01-20 09:52:59
PROD00109,Ikea Item,Furniture,Sofas,Ikea,48184.692,33729.28,SUP014,390,21,Inactive,2024-11-08 15:50:14,2025-11-15 07:16:59
PROD00110,Nike Item,Beauty,,Nike,6594.7,4616.29,SUP007,78,14,active,2025-01-29 20:29:06,2025-02-11 23:17:15
PROD00111,Samsung Item,Clothing,Skincare,Samsung,17338.0,12136.6,SUP006,490,27,Discontinued,2024-02-14 09:32:16,2025-09-22 02:07:15
PROD00112,Sony Item,Beauty,T-Shirts,Sony,2512.982,1759.09,SUP016,125,9,Active,2025-02-16 21:13:56,2025-03-31 22:22:14
PROD00113,Puma Item,Grocery,,Puma,41392.0,28974.4,SUP011,286,24,Active,2025-05-22 08:33:07,2026-08-01 15:06:43
PROD00114,Ikea Item,ELECTRONICS,Smartphones,Ikea,3633.268,2543.29,SUP002,146,47,Discontinued,2024-06-27 01:19:02,2026-07-02 15:40:04
PROD00115,Ikea Item,Grocery,Laptops,Ikea,13878.6,9715.02,SUP011,37,16,Active,2024-10-13 01:22:31,2024-12-19 05:26:28
PROD00116,Nestle Item,Clothing,Laptops,Nestle,38333.04,26833.13,SUP009,-10,47,Active,2025-03-23 13:44:33,2026-01-09 14:25:45
PROD00117,Nike Item,Beauty,,Nike,17919.7,12543.79,SUP001,9,21,active,2024-12-03 13:28:16,2025-04-05 12:19:01
PROD00118,Apple Item,electronics,,Apple,36462.0,25523.4,SUP003,292,20,Discontinued,2025-04-26 19:18:30,2026-03-06 05:43:16
PROD00119,Generic Item,Sports,Fitness,,47746.809,33422.77,SUP006,457,35,active,2024-03-03 01:29:54,2026-09-24 03:31:37
PROD00120,Sony Item,ELECTRONICS,,Sony,33764.0,23634.8,SUP011,493,38,Discontinued,2025-05-18 21:32:44,2026-07-15 23:25:35
PROD00121,Nestle Item,Beauty,T-Shirts,Nestle,46801.67,32761.17,SUP020,394,29,Inactive,2024-08-27 19:49:42,2025-01-21 03:24:48
PROD00122,Apple Item,Beauty,Sofas,Apple,7279.3,5095.51,SUP003,12,27,Discontinued,2024-10-20 16:57:52,2025-05-20 04:46:12
PROD00123,Puma Item,Sports,Skincare,Puma,35563.0,24894.1,SUP018,156,24,Discontinued,2025-01-20 13:47:12,2025-11-27 23:21:34
PROD00124,Puma Item,Sports,,Puma,44246.0,30972.2,SUP007,177,32,Active,2024-07-18 13:33:05,2025-12-14 04:10:38
PROD00125,Apple Item,Electronics,Fitness,Apple,15771.0,11039.7,SUP002,197,22,Discontinued,2025-04-23 19:37:23,2025-09-15 15:42:11
PROD00126,Generic Item,Sports,Laptops,,31767.74,22237.42,SUP013,105,8,Inactive,2025-04-06 00:50:36,2026-04-02 22:48:41
PROD00127,Apple Item,ELECTRONICS,Snacks,Apple,8117.5,5682.25,SUP007,120,10,Inactive,2025-04-21 23:18:33,2025-12-03 04:56:40
PROD00128,Ikea Item,Grocery,Snacks,Ikea,20726.678,14508.67,SUP011,447,23,active,2024-08-26 18:11:37,2026-02-28 11:35:43
PROD00129,Puma Item,electronics,Skincare,Puma,19806.3,13864.41,SUP008,483,21,Inactive,2025-03-25 04:39:12,2026-03-10 09:51:34
PROD00130,Puma Item,Furniture,Skincare,Puma,13226.5,9258.55,SUP002,256,31,active,2025-04-15 06:11:46,2026-04-20 18:38:35
PROD00131,Nike Item,Clothing,Laptops,Nike,5225.0,3657.5,SUP019,31,49,active,2024-03-30 10:25:51,2026-04-13 03:02:49
PROD00132,Apple Item,Sports,Snacks,Apple,42588.7,29812.09,SUP014,241,42,active,2024-04-07 14:29:23,2024-06-04 12:50:58
PROD00133,Nike Item,Electronics,Smartphones,Nike,28355.92,19849.14,SUP003,312,19,Active,2024-01-22 06:30:31,2024-08-28 23:35:34
PROD00134,Ikea Item,electronics,Sofas,Ikea,10241.806,7169.26,SUP013,270,50,Discontinued,2024-05-27 19:43:15,2025-10-23 15:37:19
PROD00135,Ikea Item,Sports,Smartphones,Ikea,21541.0,15078.7,SUP020,35,21,Inactive,2025-03-05 04:17:14,2025-10-22 21:50:03
PROD00136,Nike Item,Clothing,Snacks,Nike,11103.0,7772.1,SUP018,24,18,Inactive,2024-05-22 13:56:24,2025-03-14 12:03:35
PROD00137,Nestle Item,ELECTRONICS,Sofas,Nestle,12470.62,8729.43,SUP006,106,46,Active,2024-01-15 12:54:07,2025-04-27 12:36:27
PROD00138,Nike Item,Sports,Fitness,Nike,34672.664,24270.86,SUP018,16,40,Inactive,2024-04-19 09:58:31,2026-09-20 10:50:51
PROD00139,Puma Item,Grocery,Smartphones,Puma,40246.0,28172.2,SUP016,146,9,Discontinued,2024-07-23 15:55:14,2025-05-12 05:08:05
PROD00140,Apple Item,Clothing,T-Shirts,Apple,2969.3,2078.51,SUP012,83,15,Inactive,2024-11-23 20:58:02,2025-09-23 10:49:01
PROD00141,Ikea Item,ELECTRONICS,,Ikea,36505.1,25553.57,SUP005,78,44,active,2024-01-08 05:43:26,2024-08-06 23:03:52
PROD00142,Apple Item,ELECTRONICS,Snacks,Apple,49575.8,34703.06,SUP001,112,17,Inactive,2024-11-13 03:06:17,2025-11-11 23:34:17
PROD00143,Generic Item,electronics,Laptops,,21417.425,14992.2,SUP001,218,14,Discontinued,2025-04-18 13:07:09,2026-08-05 07:37:09
PROD00144,Ikea Item,Beauty,T-Shirts,Ikea,2880.44,2016.31,SUP007,482,16,active,2025-03-27 20:04:09,2026-06-02 19:03:28
PROD00145,Puma Item,Sports,Sofas,Puma,10878.4,7614.88,SUP018,34,42,Active,2024-03-11 13:52:59,2026-02-15 04:23:25
PROD00146,Sony Item,ELECTRONICS,Sofas,Sony,44060.0,30842.0,SUP014,132,47,Discontinued,2024-03-19 21:46:48,2026-03-29 19:02:54
PROD00147,Generic Item,Beauty,Skincare,,31133.8,21793.66,SUP002,327,39,active,2025-02-20 23:06:17,2026-01-29 06:27:52
PROD00148,Sony Item,Sports,Sofas,Sony,43617.0,30531.9,SUP011,410,42,Inactive,2024-10-26 06:05:27,2025-08-28 10:33:57
PROD00149,Puma Item,Clothing,Sofas,Puma,24299.1,17009.37,SUP003,51,13,Active,2024-03-07 18:16:26,2024-05-20 00:00:52
PROD00150,Samsung Item,Sports,Smartphones,Samsung,17365.448,12155.81,SUP020,469,9,Discontinued,2024-02-08 10:26:38,2026-03-02 10:32:06
PROD00151,Puma Item,Electronics,T-Shirts,Puma,17658.46,12360.92,SUP006,376,12,Discontinued,2024-03-20 05:51:32,2024-12-13 11:13:13
PROD00152,Sony Item,ELECTRONICS,,Sony,37434.5,26204.15,SUP015,10,28,Inactive,2024-04-26 05:44:37,2024-12-06 11:12:07
PROD00153,Samsung Item,Grocery,Sofas,Samsung,16059.11,11241.38,SUP013,98,17,Active,2025-02-23 02:28:17,2025-07-24 22:53:35
PROD00154,Nike Item,Clothing,Skincare,Nike,43867.0,30706.9,SUP017,306,42,Inactive,2024-01-10 02:54:57,2025-03-06 01:06:57
PROD00155,Generic Item,Electronics,Sofas,,0.0,0.0,SUP013,350,27,Active,2025-04-20 09:57:01,2025-12-19 16:49:40
PROD00156,Nike Item,Sports,,Nike,35114.4,24580.08,SUP007,449,43,Inactive,2024-11-17 15:39:36,2025-05-17 18:17:27
PROD00157,Puma Item,ELECTRONICS,,Puma,23734.6,16614.22,SUP012,8,31,Active,2024-11-06 04:44:57,2025-08-04 11:58:50
PROD00158,Samsung Item,ELECTRONICS,Sofas,Samsung,18475.8,12933.06,SUP010,165,31,active,2024-02-02 15:42:38,2024-09-25 05:03:51
PROD00159,Ikea Item,Beauty,Fitness,Ikea,12256.0,8579.2,SUP006,370,23,active,2024-02-03 04:49:55,2025-12-04 10:59:33
PROD00160,Nestle Item,electronics,Snacks,Nestle,31194.0,21835.8,SUP018,99,18,Active,2024-06-22 05:40:45,2024-08-24 01:40:16
PROD00161,Apple Item,Clothing,T-Shirts,Apple,7894.0,5525.8,SUP005,424,16,Active,2024-10-16 00:41:33,2026-05-20 22:28:52
PROD00162,Puma Item,electronics,Snacks,Puma,43493.023,30445.12,SUP013,4,11,Active,2025-02-16 07:32:35,2025-10-28 01:58:56
PROD00163,Puma Item,Electronics,Fitness,Puma,15314.5,10720.15,SUP001,198,16,Discontinued,2024-12-09 12:01:43,2026-04-19 06:26:52
PROD00164,Generic Item,Furniture,Snacks,,38808.122,27165.69,SUP010,204,24,Active,2025-04-07 18:23:34,2026-03-11 21:48:02
PROD00165,Sony Item,Furniture,Skincare,Sony,5634.1,3943.87,SUP014,91,9,active,2024-05-22 03:46:20,2024-06-17 17:35:43
PROD00166,Puma Item,electronics,Smartphones,Puma,30606.1,21424.27,SUP004,248,37,Active,2024-03-10 22:36:32,2026-03-12 16:58:39
PROD00167,Generic Item,ELECTRONICS,Fitness,,29723.37,20806.36,SUP017,82,37,active,2024-03-27 03:12:27,2026-07-28 20:01:08
PROD00168,Apple Item,Electronics,T-Shirts,Apple,21141.0,14798.7,SUP006,31,5,Inactive,2024-06-01 18:54:42,2025-02-07 08:22:29
PROD00169,Ikea Item,Furniture,Fitness,Ikea,4863.24,3404.27,SUP011,138,20,active,2025-03-03 01:38:08,2026-09-05 08:58:31
PROD00170,Apple Item,Beauty,Sofas,Apple,42130.4,29491.28,SUP019,31,8,Discontinued,2024-11-05 05:15:47,2025-12-24 23:24:23
PROD00171,Nestle Item,ELECTRONICS,,Nestle,46681.4,32676.98,SUP018,105,37,Discontinued,2024-06-07 07:58:36,2025-05-06 12:44:57
PROD00172,Generic Item,Grocery,Laptops,,31768.237,22237.77,SUP015,222,40,Inactive,2024-03-25 09:34:20,2024-03-26 16:09:42
PROD00173,Samsung Item,Furniture,Sofas,Samsung,39565.5,27695.85,SUP020,344,39,active,2024-09-28 07:56:19,2026-08-26 14:29:38
PROD00174,Sony Item,Sports,Laptops,Sony,16302.0,11411.4,SUP016,48,46,Active,2024-11-24 03:49:13,2026-07-03 23:41:24
PROD00175,Ikea Item,ELECTRONICS,Smartphones,Ikea,46720.0,32704.0,SUP009,38,44,active,2024-12-28 19:10:04,2026-04-14 00:51:11
PROD00176,Generic Item,Grocery,Laptops,,25183.0,17628.1,SUP019,436,39,active,2025-02-24 05:18:08,2026-08-16 07:38:26
PROD00177,Puma Item,Beauty,,Puma,33794.1,23655.87,SUP013,488,30,Discontinued,2024-05-12 16:13:15,2025-11-13 10:38:19
PROD00178,Samsung Item,ELECTRONICS,Snacks,Samsung,15437.0,10805.9,SUP008,343,32,Active,2024-12-11 03:03:14,2026-07-07 11:37:00
PROD00179,Puma Item,ELECTRONICS,Smartphones,Puma,31388.7,21972.09,SUP014,155,9,Discontinued,2025-03-21 21:53:36,2026-07-15 11:57:58
PROD00180,Nestle Item,Sports,Smartphones,Nestle,27684.628,19379.24,SUP016,180,48,Inactive,2024-11-11 01:27:21,2025-06-13 06:43:59
PROD00181,Samsung Item,Furniture,Skincare,Samsung,23129.06,16190.34,SUP017,175,18,Discontinued,2025-03-27 16:24:40,2026-05-18 08:16:50
PROD00182,Samsung Item,Grocery,Skincare,Samsung,26708.52,18695.96,SUP001,85,47,Discontinued,2024-01-08 16:47:14,2025-05-30 03:48:58
PROD00183,Sony Item,electronics,Smartphones,Sony,7020.073,4914.05,SUP013,308,8,Active,2025-02-26 19:41:03,2025-07-15 23:07:25
PROD00184,Puma Item,Clothing,Snacks,Puma,38520.0,26964.0,SUP018,97,47,Active,2024-09-13 05:24:33,2025-09-22 23:15:26
PROD00185,Puma Item,Furniture,,Puma,42738.0,29916.6,SUP014,121,5,active,2024-12-13 06:08:29,2026-08-17 13:10:13
PROD00186,Ikea Item,Electronics,Smartphones,Ikea,-50.0,0.0,SUP012,389,48,Discontinued,2024-03-20 02:06:33,2025-09-23 22:41:09
PROD00187,Nike Item,Electronics,Snacks,Nike,4899.72,3429.8,SUP007,277,47,Inactive,2024-12-01 12:56:13,2025-11-15 03:39:02
PROD00188,Apple Item,Sports,Smartphones,Apple,26564.4,18595.08,SUP002,323,18,Discontinued,2024-10-16 05:18:59,2026-09-06 09:11:35
PROD00189,Samsung Item,Electronics,T-Shirts,Samsung,14816.54,10371.58,SUP020,201,35,Inactive,2025-05-31 17:26:28,2026-02-22 02:22:56
PROD00190,Nestle Item,Grocery,Snacks,Nestle,47002.926,32902.05,SUP005,466,27,Discontinued,2025-01-06 00:43:38,2025-04-22 09:13:54
PROD00191,Ikea Item,Grocery,Sofas,Ikea,42763.0,29934.1,SUP011,477,45,Inactive,2024-12-07 10:18:21,2026-08-15 11:17:13
PROD00192,Apple Item,Clothing,,Apple,45043.29,31530.3,SUP011,114,43,Discontinued,2024-09-10 09:52:56,2025-01-21 00:22:46
PROD00193,Samsung Item,Furniture,T-Shirts,Samsung,24480.0,17136.0,SUP010,178,18,Active,2024-05-09 02:38:33,2024-08-04 15:46:08
PROD00194,Apple Item,Furniture,Fitness,Apple,9283.0,6498.1,SUP003,398,35,active,2025-05-12 04:11:21,2025-08-31 09:22:36
PROD00195,Generic Item,Sports,Sofas,,13571.5,9500.05,SUP018,345,25,Inactive,2024-05-12 19:05:48,2025-02-17 21:12:06
PROD00196,Puma Item,ELECTRONICS,Snacks,Puma,42968.0,30077.6,SUP017,188,44,Active,2024-12-14 11:00:26,2025-02-04 03:46:39
PROD00197,Apple Item,Beauty,Smartphones,Apple,31854.77,22298.34,SUP003,232,24,Inactive,2025-01-01 07:33:29,2025-06-29 05:03:14
PROD00198,Ikea Item,Furniture,Snacks,Ikea,14913.28,10439.3,SUP015,297,24,Discontinued,2024-06-03 21:48:31,2025-07-12 17:43:32
PROD00199,Puma Item,Furniture,Smartphones,Puma,24442.0,17109.4,SUP004,215,10,Active,2024-06-05 03:38:35,2025-06-12 10:17:26
PROD00200,Sony Item,Grocery,Smartphones,Sony,25326.1,17728.27,SUP018,406,16,Discontinued,2025-02-25 23:56:25,2026-03-02 02:38:34
PROD00051,Nestle Item ,Furniture,Sofas,Nestle,44625.5,31237.85,SUP012,268,20,Inactive,2024-04-27 14:00:03,2026-02-10 01:58:15
PROD00003,Sony Item ,ELECTRONICS,Smartphones,Sony,39063.25,27344.27,SUP013,22,27,Active,2024-02-24 16:02:47,2026-03-02 17:58:26
PROD00074,Samsung Item ,Beauty,,Samsung,23549.0,16484.3,SUP017,25,26,active,2025-01-06 20:33:02,2026-02-26 09:15:47
PROD00143,Generic Item ,electronics,Laptops,,21417.425,14992.2,SUP001,218,14,Discontinued,2025-04-18 13:07:09,2026-08-05 07:37:09
PROD00112,Sony Item ,Beauty,T-Shirts,Sony,2512.982,1759.09,SUP016,125,9,Active,2025-02-16 21:13:56,2025-03-31 22:22:14
